[{"name":"name1","precentage":1}, {"name":"name2","precentage":2},{"name":"name3","precentage":3},{"name":"name4","precentage":4},
    {"name":"name5","precentage":5},
    {"name":"name6","precentage":6},{"name":"name7","precentage":7},{"name":"name8","precentage":8},{"name":"name9","precentage":9},
    {"name":"name9","precentage":10},
    {"name":"name11","precentage":11},{"name":"name12","precentage":12},{"name":"name13","precentage":13},{"name":"name14","precentage":14},
    {"name":"name15","precentage":15},
    {"name":"name16","precentage":16},{"name":"name17","precentage":17},{"name":"name18","precentage":18},{"name":"name10","precentage":19},
    {"name":"name20","precentage":20},
    {"name":"name21","precentage":21},{"name":"name23","precentage":23},{"name":"name27","precentage":27},{"name":"name29","precentage":29},
    {"name":"name31","precentage":31}, {"name":"name34","precentage":34},{"name":"name37","precentage":37},{"name":"name40","precentage":40},
    {"name":"name41","precentage":41}, {"name":"name44","precentage":44},
    {"name":"name51","precentage":51},{"name":"name53","precentage":53},{"name":"name57","precentage":57},
    {"name":"name63","precentage":63},{"name":"name66","precentage":66},
    {"name":"name71","precentage":71},{"name":"name74","precentage":74},{"name":"name77","precentage":77},
    {"name":"name81","precentage":81},{"name":"name84","precentage":84},
    {"name":"name90","precentage":90},{"name":"name91","precentage":91},{"name":"name98","precentage":98},{"name":"name100","precentage":100}
    
    
  

]